"https://www.aceshowbiz.com/display/images/photo/2022/07/05/00188465.jpg", "stylish, pink, gay"
"https://www.aceshowbiz.com/display/images/photo/2022/07/05/00188465.jpg", "stylish, pink, gay"
"https://i.redd.it/0f2y2kmsv1f31.jpg", "trashy, poor, heels"
"https://i.redd.it/0f2y2kmsv1f31.jpg", "trashy, poor, heels"
"https://i.redd.it/0f2y2kmsv1f31.jpg", "poor"
"https://www.aceshowbiz.com/display/images/photo/2022/07/05/00188465.jpg", "pink, flamingoes"
"https://www.pd.co.ke/wp-content/uploads/2020/03/Wife-material-1200x750.gif", "professional, sexy, masculine"
"https://www.pd.co.ke/wp-content/uploads/2020/03/Wife-material-1200x750.gif", "professional, office"
"https://www.pd.co.ke/wp-content/uploads/2020/03/Wife-material-1200x750.gif", "professional, office"
"https://i.redd.it/0f2y2kmsv1f31.jpg", "trashy"
"https://i.redd.it/0f2y2kmsv1f31.jpg", "white, trash"
"https://i.redd.it/0f2y2kmsv1f31.jpg", "white, trash"
